{
  "mean_reward": "3.4000003",
  "std_reward": "1.0049881",
  "mean_length": 178.5,
  "std_length": 19.88592467047987,
  "total_unique_achievements": 6,
  "geometric_mean": 69.75501127443047
}