{
  "mean_reward": 5.099999999999999,
  "std_reward": 0.8944271909999156,
  "mean_length": 192.8,
  "std_length": 24.498163196452097,
  "total_unique_achievements": 8
}