{
  "mean_reward": "5.200001",
  "std_reward": "0.9433985",
  "mean_length": 198.4,
  "std_length": 33.29023880959702,
  "total_unique_achievements": 10,
  "geometric_mean": 48.813069947344935
}