{
  "mean_reward": 4.4,
  "std_reward": 0.7810249675906652,
  "mean_length": 205.2,
  "std_length": 31.205127783747336
}