{
  "mean_reward": 4.1,
  "std_reward": 0.7745966692414834,
  "mean_length": 205.3,
  "std_length": 26.126806157661136
}