{
  "mean_reward": 3.0999999999999996,
  "std_reward": 1.0954451150103321,
  "mean_length": 226.1,
  "std_length": 80.03305567076644
}