{
  "mean_reward": "4.6000004",
  "std_reward": "0.80622596",
  "mean_length": 206.0,
  "std_length": 42.21611066879563,
  "total_unique_achievements": 8,
  "geometric_mean": 59.33335443585749
}