{
  "mean_reward": 5.6,
  "std_reward": 1.1180339887498947,
  "mean_length": 216.8,
  "std_length": 40.90427850482148,
  "total_unique_achievements": 9
}