{
    "mean_reward": 4.372,
    "std_reward": 1.7944403027127984,
    "min_reward": -0.9000000000000001,
    "max_reward": 10.100000000000003,
    "mean_survival": 178.779,
    "std_survival": 61.17767696635759,
    "min_survival": 24.0,
    "max_survival": 439.0,
    "achievement_rates": {
        "collect_coal": 2.1,
        "collect_diamond": 0.0,
        "collect_drink": 34.8,
        "collect_iron": 0.0,
        "collect_sapling": 84.3,
        "collect_stone": 11.799999999999999,
        "collect_wood": 85.1,
        "defeat_skeleton": 0.3,
        "defeat_zombie": 4.2,
        "eat_cow": 8.4,
        "eat_plant": 0.0,
        "make_iron_pickaxe": 0.0,
        "make_iron_sword": 0.0,
        "make_stone_pickaxe": 0.0,
        "make_stone_sword": 0.0,
        "make_wood_pickaxe": 53.6,
        "make_wood_sword": 18.099999999999998,
        "place_furnace": 0.0,
        "place_plant": 72.5,
        "place_stone": 3.3000000000000003,
        "place_table": 68.60000000000001,
        "wake_up": 86.6
    },
    "geometric_mean_achievements": 16.259832197303204,
    "num_achievements_unlocked": 14,
    "total_achievements": 22
}